{"cameraMode":{"drawMode":0,"name":"Shaded","section":"Shading Mode"},"sceneLighting":false,"audioPlay":false,"sceneViewState":{"showFog":true,"showMaterialUpdate":false,"showSkybox":false,"showFlares":true,"showImageEffects":true,"showParticleSystems":true},"in2DMode":false,"pivot":{"x":-12.401805877685547,"y":4.225508689880371,"z":-0.8666465878486633},"rotation":{"x":-0.09683313220739365,"y":-0.753265380859375,"z":0.11424031108617783,"w":-0.6406059861183167},"size":0.00005715767838410102,"orthographic":false}